ACTUAL-CLASS	PREDICTED-CLASS	TEXT	FEATURE-VECTOR
POSITIVE	NEUTRAL	great curve m8	{1=1.0, 4=0.8, 5=1.0, 6=0.8, 8=3.0, 11=2.244854393503414, 12=3.0, 13=0.8583383308483307, 15=1.0, 16=2.0, 18=1.629062906290629, 19=3.0, 20=0.6176617661766177, 22=1.0, 25=1.0, 26=1.0, 27=1.0, 29=2.0, 32=2.0, 33=2.0, 34=1.0, 50=2.0, 53=1.5, 54=2.0, 55=0.8, 289=1.0}	
POSITIVE	NEUTRAL	U re not krazy .. U re unique :)	{8=3.0, 10=1.0, 11=2.479101217559709, 12=4.0, 13=0.8335799996698889, 14=0.3002635386807661, 15=3.0, 16=3.0, 17=1.0, 18=3.7259725972597266, 19=7.0, 20=0.6492649264926493, 21=0.42464246424642466, 29=1.0, 32=1.0, 33=1.0, 34=1.0, 36=1.0, 39=1.0, 40=1.0, 41=1.0, 43=1.0, 46=1.0, 47=1.0, 48=1.0, 298=1.0}	
POSITIVE	NEGATIVE	gg face	{1=1.0, 4=0.8, 5=1.0, 6=0.8, 8=3.0, 11=2.37413139521449, 12=3.0, 13=0.911970378032208, 15=1.0, 16=2.0, 18=1.5583558355835585, 19=3.0, 20=0.5824582458245825, 22=1.0, 25=1.0, 26=1.0, 27=1.0, 29=1.0, 31=1.0, 32=1.0, 33=2.0, 34=1.0, 35=0.0, 50=1.0, 53=0.7, 54=1.0, 55=0.7, 70=1.0}	
POSITIVE	NEUTRAL	Street fighter sounds good DJ mm1Owe mm1Bos	{1=1.0, 4=0.8, 5=1.0, 6=0.8, 8=1.0, 9=3.0, 11=2.478644563895751, 12=4.0, 13=0.911970378032208, 15=3.0, 16=2.0, 18=2.7632763276327634, 19=5.0, 20=0.5837583758375838, 22=1.0, 25=1.0, 26=1.0, 27=1.0, 29=1.0, 32=1.0, 33=1.0, 34=1.0, 50=1.0, 53=0.7, 54=1.0, 55=0.7, 558=1.0}	
POSITIVE	NEUTRAL	im the best EU mod from Croatia	{1=1.0, 4=0.8, 5=1.0, 6=0.8, 8=2.0, 9=2.0, 11=2.2033044119346163, 12=4.0, 13=0.5928685002503342, 15=1.0, 16=6.0, 18=3.56045604560456, 19=7.0, 20=0.5786578657865787, 22=1.0, 25=1.0, 26=1.0, 27=1.0, 29=1.0, 32=1.0, 33=1.0, 34=1.0, 50=1.0, 53=0.7, 54=1.0, 55=0.7, 499=0.5880673363549765, 501=0.43295573505371154, 1204=0.6831735792582022}	
POSITIVE	NEUTRAL	this song <3	{8=1.0, 11=0.8706679797751944, 12=1.0, 13=0.8706679797751944, 15=2.0, 16=1.0, 18=1.6610661066106611, 19=3.0, 20=0.6023602360236024, 36=1.0, 39=1.0, 40=1.0, 41=1.0, 43=1.0, 46=1.0, 47=1.0, 48=1.0, 259=1.0}	
POSITIVE	NEUTRAL	ok:((((	{9=1.0, 11=0.5144231033742855, 12=1.0, 16=1.0, 18=0.527952795279528, 19=1.0, 29=1.0, 32=1.0, 33=1.0, 34=1.0, 50=1.0, 53=0.6, 54=1.0, 55=0.6, 235=1.0}	
POSITIVE	NEUTRAL	This chat is my favorite because no one uses xD Kreygasm	{1=1.0, 3=1.0, 4=1.1, 5=2.0, 6=0.7, 7=0.4, 8=3.0, 10=1.0, 11=2.4369185230830173, 12=4.0, 13=0.8431807303157512, 14=0.3117734117530549, 15=2.0, 16=6.0, 17=2.0, 18=4.997299729972998, 19=10.0, 20=0.5824582458245825, 21=0.4173417341734174, 22=1.0, 25=1.0, 26=1.0, 27=1.0, 29=1.0, 32=1.0, 33=1.0, 34=1.0, 43=2.0, 46=2.0, 47=2.0, 48=1.0, 117=0.5164724796710364, 133=0.5761011127471065, 630=0.6335327028922791}	
POSITIVE	NEUTRAL	I'm 21 haha only a year older than me	{1=1.0, 4=0.8, 5=1.0, 6=0.8, 8=3.0, 9=5.0, 11=4.4309985310056845, 12=8.0, 13=0.6595839499991748, 15=1.0, 16=9.0, 18=4.988198819881989, 19=10.0, 20=0.5865586558655865, 50=1.0, 53=0.7, 54=1.0, 55=0.7, 449=1.0}	
POSITIVE	NEUTRAL	@KittyPlays, have fun kitty <3	{1=1.0, 4=0.9, 5=1.0, 6=0.9, 8=3.0, 11=2.1961024884873765, 12=3.0, 13=0.9779980963594249, 15=2.0, 16=1.0, 17=1.0, 18=2.0503050305030506, 19=4.0, 20=0.5781578157815782, 21=0.4311431143114312, 22=1.0, 25=1.0, 26=1.0, 27=1.0, 29=1.0, 32=1.0, 33=1.0, 34=1.0, 36=1.0, 39=1.0, 40=1.0, 41=1.0, 43=1.0, 46=1.0, 47=1.0, 48=1.0, 50=1.0, 53=0.7, 54=1.0, 55=0.7, 695=1.0}	
POSITIVE	NEUTRAL	having a great day	{1=1.0, 4=0.8, 5=1.0, 6=0.8, 8=2.0, 9=1.0, 11=2.0969921378543885, 12=3.0, 13=0.8583383308483307, 15=1.0, 16=3.0, 18=2.1337133713371337, 19=4.0, 20=0.6176617661766177, 22=1.0, 25=1.0, 26=1.0, 27=1.0, 29=1.0, 32=1.0, 33=1.0, 34=1.0, 50=1.0, 53=0.8, 54=1.0, 55=0.8, 152=1.0}	
POSITIVE	NEUTRAL	join me then haha	{1=2.0, 4=1.4, 5=2.0, 6=0.8, 8=1.0, 9=2.0, 11=1.6574712390719477, 12=3.0, 13=0.6286250323233769, 15=2.0, 16=2.0, 18=2.1864186418641864, 19=4.0, 20=0.5900590059005901, 50=1.0, 53=0.7, 54=1.0, 55=0.7, 449=0.6789633725236234, 1476=0.7341721451889518}	
POSITIVE	NEUTRAL	<3 <3 <3 <3	{15=4.0, 18=2.312631263126313, 19=4.0, 20=0.5781578157815782, 36=4.0, 39=4.0, 40=4.0, 41=1.0, 43=4.0, 46=4.0, 47=4.0, 48=1.0}	
POSITIVE	NEUTRAL	this is the most comfy stream ever	{8=2.0, 9=2.0, 11=2.628570013809647, 12=4.0, 13=0.8239297523616697, 16=7.0, 18=3.4752475247524752, 19=7.0, 22=1.0, 25=1.0, 26=1.0, 27=1.0, 30=1.0, 32=0.5, 33=1.0, 77=1.0}	
POSITIVE	NEGATIVE	ayeeeee	{15=1.0, 18=0.5543554355435544, 19=1.0, 20=0.5543554355435544}	
POSITIVE	NEUTRAL	thanks	{1=1.0, 4=0.7, 5=1.0, 6=0.7, 8=1.0, 11=0.8899464669861409, 12=1.0, 13=0.8899464669861409, 15=1.0, 18=0.675967596759676, 19=1.0, 20=0.675967596759676, 50=1.0, 53=0.7, 54=1.0, 55=0.7, 356=1.0}	
POSITIVE	NEUTRAL	Sign boss	{8=1.0, 9=1.0, 11=1.0329560897241923, 12=2.0, 13=0.5515661019933208, 16=1.0, 18=0.49404940494049404, 19=1.0, 173=0.7071067811865476, 747=0.7071067811865476}	
POSITIVE	NEUTRAL	my mayne <3	{15=1.0, 16=2.0, 18=1.4953495349534953, 19=3.0, 20=0.5781578157815782, 36=1.0, 39=1.0, 40=1.0, 41=1.0, 43=1.0, 46=1.0, 47=1.0, 48=1.0}	
POSITIVE	NEUTRAL	oh my god , im getting the feeling this hasnt happened the first time xD	{1=2.0, 4=1.2, 5=2.0, 6=0.6, 8=4.0, 9=2.0, 11=3.819770352723692, 12=6.0, 13=0.8349059458507788, 15=1.0, 16=10.0, 17=3.0, 18=6.661966196619662, 19=14.0, 20=0.5725572557255726, 21=0.3513351335133514, 30=2.0, 32=1.0, 33=2.0, 43=1.0, 46=1.0, 47=1.0, 48=1.0, 91=0.41117572890855014, 117=0.36861749368494223, 130=0.3762287431583967, 501=0.3803405026375142, 600=0.4050885590063709, 774=0.4947241226612991}	
POSITIVE	NEUTRAL	!sr Crazy Realistic Knocking Sound	{3=1.0, 4=0.3, 5=1.0, 7=0.3, 8=2.0, 9=3.0, 11=2.91331833161859, 12=5.0, 13=0.7139092304560485, 16=5.0, 18=2.52975297529753, 19=5.0, 22=1.0, 24=1.0, 25=1.0, 26=2.0, 27=1.0, 28=0.0, 29=2.0, 31=1.0, 32=2.0, 33=3.0, 34=1.0, 35=0.0, 52=1.0, 53=0.3, 54=1.0, 56=0.3, 74=0.5420307402403785, 545=0.5942233067772028, 1436=0.5942233067772028}	
POSITIVE	NEUTRAL	nah, I just think its weird shapes lol	{1=1.0, 3=2.0, 4=1.2999999999999998, 5=3.0, 6=0.6, 7=0.3, 8=2.0, 9=4.0, 10=2.0, 11=4.181390537916009, 12=8.0, 13=0.7455448758507238, 14=0.3117734117530549, 15=2.0, 16=7.0, 17=1.0, 18=4.977097709770977, 19=10.0, 20=0.592959295929593, 21=0.4173417341734174, 24=2.0, 26=2.0, 28=0.0, 29=1.0, 30=1.0, 31=1.0, 32=1.5, 33=3.0, 34=1.0, 35=0.0, 52=1.0, 53=0.3, 54=1.0, 56=0.3, 205=0.6806079540943303, 206=0.732647809539843}	
POSITIVE	NEUTRAL	ooooh my	{9=1.0, 11=0.5144231033742855, 12=1.0, 15=1.0, 16=1.0, 18=1.0422042204220423, 19=2.0, 20=0.5788578857885789, 1443=1.0}	
POSITIVE	NEUTRAL	I'm back today! <3	{8=1.0, 9=3.0, 11=2.113134569782732, 12=4.0, 13=0.5998118366830439, 15=1.0, 16=4.0, 18=2.4674467446744672, 19=5.0, 20=0.5781578157815782, 29=1.0, 32=1.0, 33=1.0, 34=1.0, 36=1.0, 39=1.0, 40=1.0, 41=1.0, 43=1.0, 46=1.0, 47=1.0, 48=1.0}	
POSITIVE	NEUTRAL	NICE TORNADO	{1=1.0, 4=0.8, 5=1.0, 6=0.8, 8=1.0, 10=1.0, 11=1.1086285535082556, 12=2.0, 13=0.7826658670642671, 14=0.3259626864439884, 15=1.0, 17=1.0, 18=0.9941994199419942, 19=2.0, 20=0.5973597359735974, 21=0.39683968396839686, 22=1.0, 25=1.0, 26=1.0, 27=1.0, 29=1.0, 32=1.0, 33=1.0, 34=1.0, 50=1.0, 53=0.7, 54=1.0, 55=0.7, 112=1.0}	
POSITIVE	NEUTRAL	PogChamp HE WARDED PogChamp PogChamp HE WARDED PogChamp PogChamp HE WARDED PogChamp	{9=3.0, 11=1.5432693101228567, 12=3.0, 16=3.0, 18=1.4347434743474348, 19=3.0, 43=6.0, 46=5.25, 47=6.0, 48=0.875, 92=1.0}	
POSITIVE	NEUTRAL	@Pcmman that's a great point, other me Kappa	{1=1.0, 4=0.8, 5=1.0, 6=0.8, 8=4.0, 9=3.0, 11=4.1753495051084695, 12=7.0, 13=0.8583383308483307, 15=1.0, 16=7.0, 18=4.147514751475148, 19=8.0, 20=0.6176617661766177, 22=1.0, 25=1.0, 26=1.0, 27=1.0, 29=1.0, 30=1.0, 32=1.5, 33=2.0, 34=1.0, 43=1.0, 46=0.625, 47=1.0, 48=0.625, 50=1.0, 53=0.8, 54=1.0, 55=0.8, 71=1.0, 1745=1.0}	
POSITIVE	NEUTRAL	she's the best	{1=1.0, 4=0.8, 5=1.0, 6=0.8, 8=1.0, 9=1.0, 11=1.0960128083099965, 12=2.0, 13=0.5815897049357109, 15=1.0, 16=3.0, 18=2.0515051505150517, 19=4.0, 20=0.5786578657865787, 22=1.0, 25=1.0, 26=1.0, 27=1.0, 29=1.0, 32=1.0, 33=1.0, 34=1.0, 50=1.0, 53=0.7, 54=1.0, 55=0.7}	
POSITIVE	NEUTRAL	nice song :)	{1=1.0, 4=0.8, 5=1.0, 6=0.8, 8=2.0, 11=1.6533338468394616, 12=2.0, 13=0.8706679797751944, 15=2.0, 18=1.1997199719971998, 19=2.0, 20=0.6023602360236024, 22=1.0, 25=1.0, 26=1.0, 27=1.0, 29=1.0, 32=1.0, 33=1.0, 34=1.0, 36=1.0, 39=1.0, 40=1.0, 41=1.0, 43=1.0, 46=1.0, 47=1.0, 48=1.0, 50=1.0, 53=0.7, 54=1.0, 55=0.7, 112=0.675560183109936, 259=0.7373048480760653}	
POSITIVE	NEUTRAL	AND YOU THOUGHT NA`VI WAS BACK SoBayed	{8=2.0, 9=2.0, 10=1.0, 11=2.6865870365377953, 12=5.0, 13=0.756504563785714, 14=0.3002635386807661, 15=2.0, 16=5.0, 17=1.0, 18=4.028502850285029, 19=8.0, 20=0.576957695769577, 21=0.42464246424642466, 29=1.0, 30=1.0, 32=1.5, 33=2.0, 34=1.0, 43=1.0, 46=1.0, 47=1.0, 48=1.0, 344=0.6575270745849546, 345=0.753430916665723}	
POSITIVE	NEGATIVE	AHA CUDDLE	{8=1.0, 11=0.8720599481725602, 12=1.0, 13=0.8720599481725602, 15=1.0, 17=1.0, 18=1.0044004400440043, 19=2.0, 20=0.5973597359735974, 21=0.40704070407040704, 30=1.0, 32=0.5, 33=1.0}	
POSITIVE	NEUTRAL	you needed more relics :P	{8=1.0, 9=1.0, 11=1.0960128083099965, 12=2.0, 13=0.5815897049357109, 15=1.0, 16=3.0, 18=2.162816281628163, 19=4.0, 20=0.5675567556755676, 36=1.0, 39=1.0, 40=1.0, 41=1.0, 43=1.0, 46=1.0, 47=1.0, 48=1.0}	
POSITIVE	NEUTRAL	Thx @thepokerdevil ;)	{1=1.0, 4=0.7, 5=1.0, 6=0.7, 8=1.0, 11=0.895437314656382, 12=1.0, 13=0.895437314656382, 15=3.0, 18=1.8360836083608363, 19=3.0, 20=0.697869786978698, 22=1.0, 25=1.0, 26=1.0, 27=1.0, 29=1.0, 32=1.0, 33=1.0, 34=1.0, 37=1.0, 39=0.5, 40=1.0, 44=1.0, 46=0.5, 47=1.0, 50=1.0, 53=0.7, 54=1.0, 55=0.7, 538=1.0}	
POSITIVE	NEUTRAL	P PogChamp G G E R SP PogChamp G G E R S	{8=2.0, 9=8.0, 11=5.336663787364449, 12=10.0, 13=0.6106394801850823, 16=11.0, 18=5.754875487548754, 19=11.0, 43=2.0, 46=1.75, 47=2.0, 48=0.875, 92=1.0}	
POSITIVE	NEUTRAL	:"D	{9=1.0, 11=0.5268132726662522, 12=1.0, 16=1.0, 18=0.5113511351135114, 19=1.0}	
POSITIVE	NEUTRAL	riven hype	{8=1.0, 11=0.5708665966097592, 12=1.0, 13=0.5708665966097592, 16=1.0, 18=0.5309530953095309, 19=1.0, 24=1.0, 26=1.0, 28=0.0, 312=1.0}	
POSITIVE	NEUTRAL	super good mod for khajiit	{1=2.0, 4=1.6, 5=2.0, 6=0.8, 8=3.0, 11=2.301248370076531, 12=3.0, 13=0.911970378032208, 15=1.0, 16=3.0, 18=2.1055105510551058, 19=4.0, 20=0.5824582458245825, 22=2.0, 25=2.0, 26=2.0, 27=1.0, 29=2.0, 32=2.0, 33=2.0, 34=1.0, 50=2.0, 53=1.5, 54=2.0, 55=0.8, 295=0.7272929858796735, 499=0.6863271178455861}	
POSITIVE	NEUTRAL	Same :) Even with some hiccups, thats part of beta	{8=3.0, 9=2.0, 11=2.698449028097955, 12=5.0, 13=0.5901120727124678, 16=7.0, 17=2.0, 18=4.355835583558356, 19=9.0, 21=0.31903190319031904, 29=1.0, 32=1.0, 33=1.0, 34=1.0, 36=1.0, 39=1.0, 40=1.0, 41=1.0, 43=1.0, 46=1.0, 47=1.0, 48=1.0, 261=0.6017471831252452, 414=0.7986866266570593}	
POSITIVE	NEUTRAL	true but yours it hosted by one of my favourite streamers thus you must be a awsome streamer also	{1=2.0, 4=1.6, 5=2.0, 6=0.9, 8=6.0, 9=7.0, 11=7.557183492245142, 12=13.0, 13=0.9078384876510946, 15=5.0, 16=12.0, 17=1.0, 18=9.518951895189522, 19=18.0, 20=0.6312631263126313, 21=0.44904490449044904, 22=1.0, 25=1.0, 26=1.0, 27=1.0, 29=2.0, 30=2.0, 32=3.0, 33=4.0, 34=1.0, 50=2.0, 53=1.5, 54=2.0, 55=0.8, 341=0.41420528178564847, 656=0.4732318588863605, 855=0.5497661285837057, 1446=0.5497661285837057}	
POSITIVE	NEUTRAL	no rise of the machines will be the best raid ever	{1=1.0, 3=1.0, 4=1.2000000000000002, 5=2.0, 6=0.8, 7=0.4, 8=4.0, 9=1.0, 10=2.0, 11=3.5453380062390996, 12=7.0, 13=0.6767772355397592, 14=0.2874717342385713, 15=2.0, 16=8.0, 17=1.0, 18=5.527152715271527, 19=11.0, 20=0.5786578657865787, 21=0.4173417341734174, 22=1.0, 25=1.0, 26=1.0, 27=1.0, 29=2.0, 32=2.0, 33=2.0, 34=1.0, 50=1.0, 52=1.0, 53=1.0, 54=2.0, 55=0.7, 56=0.3, 483=1.0}	
POSITIVE	NEGATIVE	MALYGOS COSPLAY 4Head	{16=1.0, 18=0.4815481548154816, 19=1.0, 45=1.0, 46=0.25, 47=1.0, 49=0.25}	
POSITIVE	NEUTRAL	@RoseBell69 arent thos ethings the most important things in life PogChamp	{1=1.0, 4=0.7, 5=1.0, 6=0.7, 8=2.0, 9=3.0, 11=3.05354401756191, 12=5.0, 13=0.7647628426965676, 16=7.0, 17=1.0, 18=4.050805080508051, 19=8.0, 21=0.44454445444544455, 22=1.0, 25=1.0, 26=1.0, 27=1.0, 29=1.0, 30=1.0, 32=1.5, 33=2.0, 34=1.0, 43=1.0, 46=0.875, 47=1.0, 48=0.875, 92=0.5928821136948562, 582=0.8052892643396654}	
POSITIVE	NEUTRAL	Yay! Thank you sooo much for following, Folletto_Burbero ! I appreciate it so much!!	{1=2.0, 4=1.4, 5=2.0, 6=0.7, 8=4.0, 9=6.0, 11=6.0580720412418785, 12=10.0, 13=0.895437314656382, 15=5.0, 16=7.0, 18=6.551355135513552, 19=12.0, 20=0.697869786978698, 22=3.0, 25=3.0, 26=3.0, 27=1.0, 29=2.0, 30=4.0, 32=4.0, 33=6.0, 34=1.0, 50=2.0, 53=1.4, 54=2.0, 55=0.7, 538=1.0}	
POSITIVE	NEUTRAL	@prashant2322 I love more then anything	{1=1.0, 4=0.8, 5=1.0, 6=0.8, 8=1.0, 9=3.0, 11=2.4703587757280325, 12=4.0, 13=0.9270894656051761, 15=1.0, 16=4.0, 18=2.5617561756175617, 19=5.0, 20=0.6082608260826083, 22=1.0, 25=1.0, 26=1.0, 27=1.0, 29=1.0, 32=1.0, 33=1.0, 34=1.0, 50=1.0, 53=0.8, 54=1.0, 55=0.8, 60=1.0}	
POSITIVE	NEUTRAL	THANK GOD	{1=2.0, 4=1.2999999999999998, 5=2.0, 6=0.7, 8=2.0, 11=1.5336740813283671, 12=2.0, 13=0.895437314656382, 15=1.0, 16=1.0, 18=1.2116211621162116, 19=2.0, 20=0.697869786978698, 22=1.0, 25=1.0, 26=1.0, 27=1.0, 29=1.0, 32=1.0, 33=1.0, 34=1.0, 50=1.0, 53=0.7, 54=1.0, 55=0.7, 91=0.6391798528181922, 538=0.7690572902920265}	
POSITIVE	NEUTRAL	dszklarz, yeah I was like, hrm ok, thank you for your thank you LUL	{1=5.0, 4=3.5, 5=5.0, 6=0.8, 8=5.0, 9=3.0, 11=5.7125997898292775, 12=8.0, 13=0.9270894656051761, 15=7.0, 16=7.0, 17=1.0, 18=8.274527452745277, 19=15.0, 20=0.697869786978698, 21=0.4304430443044304, 22=4.0, 25=4.0, 26=4.0, 27=1.0, 29=5.0, 30=1.0, 32=5.5, 33=6.0, 34=1.0, 50=5.0, 53=3.5, 54=5.0, 55=0.8, 60=0.25339532355265454, 61=0.2875324242183113, 235=0.3545488292220931, 267=0.3122661853278121, 538=0.7936629462327482}	
POSITIVE	NEUTRAL	Kaptan is love Kaptan is life	{1=1.0, 4=0.8, 5=1.0, 6=0.8, 8=2.0, 11=1.6726013303476621, 12=2.0, 13=0.9270894656051761, 15=1.0, 16=3.0, 18=2.0974097409740975, 19=4.0, 20=0.6082608260826083, 22=1.0, 25=1.0, 26=1.0, 27=1.0, 29=1.0, 32=1.0, 33=1.0, 34=1.0, 50=1.0, 53=0.8, 54=1.0, 55=0.8, 60=0.5216941513902961, 582=0.8531325878227597}	
POSITIVE	NEUTRAL	he is crazy made allin 350$ on red, and after he deposited his dlore and made allin on green :D:D:D:D crazy but best streamer <3	{1=1.0, 3=2.0, 4=1.4, 5=3.0, 6=0.8, 7=0.3, 8=8.0, 9=9.0, 11=9.438338000737247, 12=17.0, 13=0.6919018249641005, 15=3.0, 16=19.0, 17=2.0, 18=12.23042304230423, 19=24.0, 20=0.628062806280628, 21=0.37493749374937496, 22=1.0, 24=2.0, 25=1.0, 26=3.0, 27=1.0, 28=0.0, 29=1.0, 31=2.0, 32=1.0, 33=3.0, 34=1.0, 35=0.0, 36=1.0, 39=1.0, 40=1.0, 41=1.0, 43=1.0, 46=1.0, 47=1.0, 48=1.0, 50=1.0, 52=2.0, 53=1.2999999999999998, 54=3.0, 55=0.7, 56=0.3, 127=0.3557888271298424, 545=0.7800960265748704, 656=0.3357484879224253, 1713=0.3900480132874352}	
POSITIVE	NEUTRAL	Rawr!	{8=1.0, 11=0.5653152285744154, 12=1.0, 13=0.5653152285744154, 16=1.0, 18=0.5007500750075008, 19=1.0, 319=1.0}	
POSITIVE	NEUTRAL	Hooooooly shit dude	{3=1.0, 4=0.1, 5=1.0, 7=0.1, 8=2.0, 10=1.0, 11=1.6643375495854356, 12=3.0, 13=0.6602661795694251, 14=0.36444813679803256, 16=2.0, 17=1.0, 18=1.4133413341334136, 19=3.0, 21=0.4133413341334134, 22=1.0, 24=1.0, 25=1.0, 26=2.0, 27=1.0, 28=0.0, 29=1.0, 32=1.0, 33=1.0, 34=1.0, 52=1.0, 53=0.3, 54=1.0, 56=0.3, 144=0.517907074108507, 500=0.5916613587130423, 1469=0.6178261075692756}	
POSITIVE	NEUTRAL	show your merc stats pls :D	{1=1.0, 4=0.6, 5=1.0, 6=0.6, 8=2.0, 11=1.2918292005259773, 12=2.0, 13=0.6522389784162372, 15=3.0, 16=3.0, 18=3.292829282928293, 19=6.0, 20=0.628062806280628, 29=1.0, 30=1.0, 32=1.5, 33=2.0, 34=1.0, 50=1.0, 53=0.7, 54=1.0, 55=0.7, 185=0.6282081365862122, 735=0.7780453310231217}	
POSITIVE	NEUTRAL	OLD FORSEN IS BACK FeelsGoodMan OLD FORSEN IS BACK FeelsGoodMan OLD FORSEN IS BACK FeelsGoodMan OLD FORSEN IS BACK FeelsGoodMan OLD FORSEN IS BACK FeelsGoodMan	{9=5.0, 10=5.0, 11=3.7342990916443393, 12=10.0, 14=0.2654643287466233, 16=15.0, 18=7.273727372737273, 19=15.0, 29=5.0, 32=5.0, 33=5.0, 34=1.0, 123=0.673916036696044, 198=0.7388079422176619}	
POSITIVE	NEUTRAL	have fun with class	{1=1.0, 4=0.9, 5=1.0, 6=0.9, 8=3.0, 11=2.2255979136979596, 12=3.0, 13=0.9779980963594249, 15=1.0, 16=3.0, 18=2.033003300330033, 19=4.0, 20=0.563956395639564, 22=1.0, 25=1.0, 26=1.0, 27=1.0, 29=1.0, 32=1.0, 33=1.0, 34=1.0, 50=1.0, 53=0.7, 54=1.0, 55=0.7, 161=0.7341721451889518, 695=0.6789633725236234}	
POSITIVE	NEUTRAL	League of Legends is fun! 4Head	{1=1.0, 4=0.9, 5=1.0, 6=0.9, 8=2.0, 11=1.5405623992473467, 12=2.0, 13=0.9779980963594249, 15=2.0, 16=3.0, 18=2.652965296529653, 19=5.0, 20=0.593959395939594, 22=1.0, 25=1.0, 26=1.0, 27=1.0, 29=1.0, 32=1.0, 33=1.0, 34=1.0, 45=1.0, 46=0.25, 47=1.0, 49=0.25, 50=1.0, 53=0.7, 54=1.0, 55=0.7, 695=0.5234012137503378, 888=0.5419924443668659, 889=0.6574917183462489}	
POSITIVE	NEUTRAL	Ive never been so happy for it to be raining today Kreygasm	{1=1.0, 4=0.8, 5=1.0, 6=0.8, 8=4.0, 9=3.0, 10=2.0, 11=5.148351920421222, 12=9.0, 13=0.9917252155350276, 14=0.29866249993122684, 15=1.0, 16=10.0, 17=1.0, 18=5.8069806980698075, 19=12.0, 20=0.6195619561956196, 21=0.37533753375337536, 22=1.0, 25=1.0, 26=1.0, 27=1.0, 29=1.0, 30=1.0, 32=1.5, 33=2.0, 34=1.0, 43=1.0, 46=1.0, 47=1.0, 48=1.0, 50=1.0, 53=0.7, 54=1.0, 55=0.7, 546=0.571680062821389, 630=0.5225017562223062, 668=0.6325929342927713}	
POSITIVE	NEUTRAL	and then recently we had some Descent \o/	{8=2.0, 9=2.0, 11=2.1358297066963035, 12=4.0, 13=0.5556979923744341, 15=2.0, 16=6.0, 18=4.2735273527352735, 19=8.0, 20=0.6552655265526554, 901=1.0}	
POSITIVE	NEUTRAL	haha	{1=1.0, 4=0.8, 5=1.0, 6=0.8, 15=1.0, 18=0.5865586558655865, 19=1.0, 20=0.5865586558655865, 50=1.0, 53=0.7, 54=1.0, 55=0.7, 449=1.0}	
POSITIVE	NEUTRAL	BEST TENNIS PLAYER EVER	{1=1.0, 4=0.8, 5=1.0, 6=0.8, 8=3.0, 9=1.0, 11=2.255538988869755, 12=4.0, 13=0.5900790616042298, 15=1.0, 16=3.0, 18=2.0534053405340535, 19=4.0, 20=0.5786578657865787, 22=1.0, 25=1.0, 26=1.0, 27=1.0, 29=1.0, 30=1.0, 32=1.5, 33=2.0, 34=1.0, 50=1.0, 53=0.7, 54=1.0, 55=0.7, 1031=1.0}	
POSITIVE	NEUTRAL	We are G2-8 EleGiggle Best of EU, Mate EleGiggle tr	{1=1.0, 4=0.8, 5=1.0, 6=0.8, 8=3.0, 9=3.0, 11=3.6351612317544855, 12=6.0, 13=0.8143070143103154, 15=2.0, 16=8.0, 18=5.0898089808980895, 19=10.0, 20=0.5786578657865787, 22=1.0, 25=1.0, 26=1.0, 27=1.0, 29=1.0, 32=1.0, 33=1.0, 34=1.0, 43=2.0, 46=1.75, 47=2.0, 48=0.875, 50=2.0, 53=1.4, 54=2.0, 55=0.7, 156=0.43528082905872895, 162=0.7448630521588121, 1204=0.5056774005060977}	
POSITIVE	NEUTRAL	rofl	{1=1.0, 4=0.6, 5=1.0, 6=0.6, 8=1.0, 9=2.0, 10=1.0, 11=2.0524546509900583, 12=4.0, 13=0.5606991752724791, 14=0.4405497449891889, 15=1.0, 16=3.0, 17=1.0, 18=2.5691569156915697, 19=5.0, 20=0.592959295929593, 21=0.4426442644264427, 30=1.0, 32=0.5, 33=1.0, 205=0.3807719030946552, 1375=0.6538397195848821, 1376=0.6538397195848821}	
POSITIVE	NEUTRAL	I lovingly call Rocket League "Car Balls"	{8=5.0, 9=1.0, 11=3.6984380243952093, 12=6.0, 13=0.7386235468235062, 15=2.0, 16=4.0, 17=1.0, 18=3.4978497849784977, 19=7.0, 20=0.5895589558955896, 21=0.4255425542554256, 597=0.6746445963768317, 888=0.7381427155906516}	
POSITIVE	NEUTRAL	༼ つ ◕_◕ ༽つ NV TAKE MY ENERGY ༼ つ ◕_◕ ༽つ .	{3=1.0, 4=0.4, 5=1.0, 7=0.4, 8=1.0, 9=1.0, 10=1.0, 11=1.5116006536199433, 12=3.0, 13=0.7757940546994064, 14=0.24619134338704976, 16=4.0, 18=1.9357935793579362, 19=4.0, 22=1.0, 25=1.0, 26=1.0, 27=1.0, 31=1.0, 33=1.0, 35=0.0, 52=1.0, 53=0.2, 54=1.0, 56=0.2}	
POSITIVE	NEUTRAL	khezzu stepping up his dark seer game	{8=2.0, 9=2.0, 11=2.363111186914397, 12=4.0, 13=0.7606694652750652, 16=5.0, 18=2.500950095009501, 19=5.0, 24=1.0, 26=1.0, 28=0.0, 31=2.0, 33=2.0, 35=0.0, 52=1.0, 53=0.4, 54=1.0, 56=0.4, 70=1.0}	
POSITIVE	NEGATIVE	AHAHAH	{15=1.0, 18=0.5718571857185719, 19=1.0, 20=0.5718571857185719}	
POSITIVE	NEUTRAL	swedish porn best porn	{1=1.0, 4=0.8, 5=1.0, 6=0.8, 8=1.0, 9=1.0, 10=2.0, 11=1.9377410498632792, 12=4.0, 13=0.5815897049357109, 14=0.42086412077664137, 15=2.0, 16=2.0, 18=2.173717371737174, 19=4.0, 20=0.5957595759575958, 22=1.0, 25=1.0, 26=1.0, 27=1.0, 29=1.0, 32=1.0, 33=1.0, 34=1.0, 50=1.0, 53=0.7, 54=1.0, 55=0.7, 1187=0.4806696557129342, 1454=0.8769017516670891}	
POSITIVE	NEUTRAL	khezzu = best initiator EU SeemsGood	{1=1.0, 4=0.8, 5=1.0, 6=0.8, 8=1.0, 9=2.0, 11=1.6104359116842821, 12=3.0, 13=0.5815897049357109, 15=1.0, 16=1.0, 18=1.077707770777078, 19=2.0, 20=0.5786578657865787, 22=1.0, 25=1.0, 26=1.0, 27=1.0, 29=1.0, 32=1.0, 33=1.0, 34=1.0, 43=1.0, 46=0.75, 47=1.0, 48=0.75, 50=1.0, 53=0.7, 54=1.0, 55=0.7, 223=0.6115599790509895, 1204=0.7911980738242184}	
POSITIVE	NEUTRAL	Thanks	{1=1.0, 4=0.7, 5=1.0, 6=0.7, 8=1.0, 11=0.8899464669861409, 12=1.0, 13=0.8899464669861409, 15=1.0, 18=0.675967596759676, 19=1.0, 20=0.675967596759676, 50=1.0, 53=0.7, 54=1.0, 55=0.7, 356=1.0}	
POSITIVE	NEUTRAL	Coldzera adn GuardiaN holding A? Just go B 4Head	{8=5.0, 9=4.0, 11=5.362935127670463, 12=9.0, 13=0.7207480317126714, 16=9.0, 18=4.458345834583459, 19=9.0, 29=2.0, 32=2.0, 33=2.0, 34=1.0, 45=1.0, 46=0.25, 47=1.0, 49=0.25, 152=0.6017471831252452, 891=0.7986866266570593}	
POSITIVE	NEUTRAL	DAT SAVE	{1=1.0, 4=0.7, 5=1.0, 6=0.7, 8=1.0, 11=0.8252832077994245, 12=1.0, 13=0.8252832077994245, 16=2.0, 18=0.9757975797579759, 19=2.0, 50=1.0, 53=0.7, 54=1.0, 55=0.7, 1182=1.0}	
POSITIVE	NEUTRAL	POWER RANGERS PogChamp	{8=1.0, 11=0.6478760102774584, 12=1.0, 13=0.6478760102774584, 15=1.0, 16=1.0, 18=1.0546054605460546, 19=2.0, 20=0.5803580358035805, 30=1.0, 32=0.5, 33=1.0, 43=1.0, 46=0.875, 47=1.0, 48=0.875, 92=1.0}	
POSITIVE	NEUTRAL	floppy is the best open gay streamer in wot	{1=1.0, 4=0.8, 5=1.0, 6=0.8, 8=4.0, 9=2.0, 11=3.4550856363166207, 12=6.0, 13=0.6712643804640261, 15=2.0, 16=6.0, 18=4.1243124312431245, 19=8.0, 20=0.5913591359135913, 22=1.0, 25=1.0, 26=1.0, 27=1.0, 29=2.0, 32=2.0, 33=2.0, 34=1.0, 50=1.0, 52=1.0, 53=1.0, 54=2.0, 55=0.7, 56=0.3, 656=1.0}	
POSITIVE	NEUTRAL	Thanks. Kappa	{1=1.0, 4=0.7, 5=1.0, 6=0.7, 8=2.0, 11=1.4937746551714652, 12=2.0, 13=0.8899464669861409, 15=1.0, 16=1.0, 18=1.199019901990199, 19=2.0, 20=0.675967596759676, 43=1.0, 46=0.625, 47=1.0, 48=0.625, 50=1.0, 53=0.7, 54=1.0, 55=0.7, 71=0.6376451154911771, 356=0.7703302581946547, 1745=1.0}	
POSITIVE	NEUTRAL	NO we love you MOOOON :"(	{1=1.0, 3=1.0, 4=1.2000000000000002, 5=2.0, 6=0.8, 7=0.4, 8=2.0, 10=1.0, 11=2.028406058638732, 12=3.0, 13=0.9270894656051761, 14=0.3117734117530549, 15=3.0, 16=1.0, 17=1.0, 18=2.718871887188719, 19=5.0, 20=0.6082608260826083, 21=0.4173417341734174, 22=1.0, 25=1.0, 26=1.0, 27=1.0, 29=1.0, 31=1.0, 32=1.0, 33=2.0, 34=1.0, 35=0.0, 50=1.0, 53=0.8, 54=1.0, 55=0.8, 60=1.0}	
POSITIVE	NEUTRAL	lol jk	{1=1.0, 4=0.6, 5=1.0, 6=0.6, 8=1.0, 9=2.0, 10=1.0, 11=2.08283037242032, 12=4.0, 13=0.6134344206825597, 14=0.4405497449891889, 15=1.0, 16=4.0, 18=2.613661366136614, 19=5.0, 20=0.592959295929593, 24=1.0, 26=1.0, 28=0.0, 29=1.0, 32=1.0, 33=1.0, 34=1.0, 50=1.0, 53=0.6, 54=1.0, 55=0.6, 205=0.442488825677528, 206=0.47632189269649167, 1534=0.7598164868496564}	
POSITIVE	NEUTRAL	@prettybigjoe but banning him once a day is much more fun. FeelsGoodMan	{1=1.0, 4=0.9, 5=1.0, 6=0.9, 8=3.0, 9=5.0, 11=4.894931144330068, 12=8.0, 13=0.9779980963594249, 15=2.0, 16=7.0, 17=1.0, 18=5.036203620362037, 19=10.0, 20=0.563956395639564, 21=0.44904490449044904, 22=1.0, 25=1.0, 26=1.0, 27=1.0, 29=1.0, 30=1.0, 32=1.5, 33=2.0, 34=1.0, 50=1.0, 53=0.7, 54=1.0, 55=0.7, 123=0.6396802766447471, 152=0.528355676848208, 695=0.5582556962664794}	
NEUTRAL	POSITIVE	@vSkittles98 give me trixin banking	{8=2.0, 9=1.0, 11=1.9834724384755473, 12=3.0, 13=0.8899739762430059, 16=3.0, 18=1.4794479447944795, 19=3.0}	
NEUTRAL	POSITIVE	salut	{15=1.0, 18=0.6994699469946996, 19=1.0, 20=0.6994699469946996}	
NEUTRAL	POSITIVE	hey moosey	{15=1.0, 18=0.6062606260626062, 19=1.0, 20=0.6062606260626062, 50=1.0, 53=0.7, 54=1.0, 55=0.7, 432=1.0}	
NEUTRAL	POSITIVE	KappaPride KappaPride	{43=2.0, 46=1.25, 47=2.0, 48=0.625, 1025=1.0}	
NEUTRAL	NEGATIVE	!waffles	{15=1.0, 18=0.5501550155015502, 19=1.0, 20=0.5501550155015502}	
NEUTRAL	POSITIVE	(poke)	{10=1.0, 11=0.3961277970036918, 12=1.0, 14=0.3961277970036918, 15=1.0, 18=0.572957295729573, 19=1.0, 20=0.572957295729573}	
NEUTRAL	NEGATIVE	And no	{3=1.0, 4=0.4, 5=1.0, 7=0.4, 10=1.0, 11=0.3117734117530549, 12=1.0, 14=0.3117734117530549, 16=1.0, 17=1.0, 18=0.9192919291929194, 19=2.0, 21=0.4173417341734174}	
NEUTRAL	POSITIVE	goodluck everyone	{15=2.0, 18=1.189018901890189, 19=2.0, 20=0.6298629862986299}	
NEUTRAL	POSITIVE	ez money	{1=1.0, 4=0.6, 5=1.0, 6=0.6, 8=2.0, 11=1.6575262575856775, 12=2.0, 13=0.8542119423185902, 15=1.0, 16=1.0, 18=1.0061006100610062, 19=2.0, 20=0.5536553655365537, 22=1.0, 25=1.0, 26=1.0, 27=1.0, 29=1.0, 32=1.0, 33=1.0, 34=1.0, 50=1.0, 53=0.6, 54=1.0, 55=0.6, 179=0.691648173870889, 775=0.7222345904074828}	
NEGATIVE	NEUTRAL	SourPls NO MODS SourPls NO MODS SourPls NO MODS SourPls NO MODS SourPls NO MODS SourPls NO MODS SourPls NO MODS SourPls NO MODS SourPls	{3=8.0, 4=3.1999999999999997, 5=8.0, 7=0.4, 9=8.0, 10=8.0, 11=6.609572121018726, 12=16.0, 14=0.3117734117530549, 16=8.0, 17=8.0, 18=7.123112311231125, 19=16.0, 21=0.4173417341734174, 132=1.0}	
NEGATIVE	POSITIVE	:<	{45=1.0, 47=1.0, 49=0.0}	
NEGATIVE	NEUTRAL	@Mysterew dafuq are u asying . it was MASon at ti4	{9=4.0, 11=2.057692413497142, 12=4.0, 15=1.0, 16=5.0, 18=3.07970797079708, 19=6.0, 20=0.5675567556755676, 1407=1.0}	
NEGATIVE	NEUTRAL	Go learn your history twitchtards MingLee	{8=3.0, 11=2.1168868324191092, 12=3.0, 13=0.7688837293749347, 15=1.0, 16=3.0, 18=2.026802680268027, 19=4.0, 20=0.5804580458045805, 30=1.0, 32=0.5, 33=1.0, 43=1.0, 46=1.0, 47=1.0, 48=1.0, 502=0.6739160366960442, 1128=0.738807942217662}	
NEGATIVE	NEUTRAL	guys im not kidding, this painting looks creepy as it is.....	{8=1.0, 9=2.0, 10=2.0, 11=2.234136787028836, 12=5.0, 13=0.7757610435911686, 14=0.17326430343810698, 15=1.0, 16=9.0, 17=1.0, 18=5.506250625062506, 19=11.0, 20=0.5612561256125613, 21=0.42464246424642466, 24=1.0, 26=1.0, 28=0.0, 50=1.0, 53=0.6, 54=1.0, 55=0.6, 236=0.475393660580531, 358=0.4647170691939391, 501=0.3998786039356029, 1534=0.6309802019034763}	
NEGATIVE	NEUTRAL	#61: "well doesn't he have some skill or is he lying" -Ryzzz (20-Aug-16)	{8=3.0, 9=10.0, 11=7.069625929125154, 12=13.0, 13=0.7413744725099998, 15=2.0, 16=12.0, 17=1.0, 18=7.503850385038504, 19=15.0, 20=0.5710571057105711, 21=0.4356435643564357, 22=2.0, 24=1.0, 25=2.0, 26=3.0, 27=1.0, 28=0.0, 29=2.0, 31=1.0, 32=2.0, 33=3.0, 34=1.0, 35=0.0, 50=1.0, 52=1.0, 53=0.7, 54=2.0, 55=0.6, 56=0.1, 472=1.0}	
NEGATIVE	NEUTRAL	Poor Italian. Us giefs need that balance patch :(	{3=1.0, 4=0.3, 5=1.0, 7=0.3, 8=2.0, 9=3.0, 10=1.0, 11=3.2337956722437107, 12=6.0, 13=0.7675467794912989, 14=0.33144803226285646, 15=1.0, 16=5.0, 17=1.0, 18=3.307830783078308, 19=7.0, 20=0.5597559755975597, 21=0.2745274527452745, 24=1.0, 26=1.0, 28=0.0, 30=1.0, 31=1.0, 32=0.5, 33=2.0, 35=0.0, 38=1.0, 40=1.0, 42=0.0, 45=1.0, 47=1.0, 49=0.0, 52=1.0, 53=0.3, 54=1.0, 56=0.3, 635=0.5773502691896257, 1477=0.5773502691896257, 1664=0.5773502691896257}	
NEGATIVE	NEUTRAL	LUL THEIR WOMENS VOLLEYBALL GOT REKT BY CHINA	{1=1.0, 4=0.8, 5=1.0, 6=0.8, 8=4.0, 9=1.0, 11=3.280621929279203, 12=5.0, 13=0.9270894656051761, 15=3.0, 16=6.0, 18=4.7420742074207425, 19=9.0, 20=0.6082608260826083, 22=1.0, 25=1.0, 26=1.0, 27=1.0, 29=1.0, 32=1.0, 33=1.0, 34=1.0, 43=1.0, 46=1.0, 47=1.0, 48=1.0, 50=1.0, 53=0.8, 54=1.0, 55=0.8, 60=0.44893039015285496, 61=0.50940973012511, 1069=0.7341411524026342}	
NEGATIVE	NEUTRAL	wut?	{16=1.0, 18=0.5084508450845084, 19=1.0}	
NEGATIVE	NEUTRAL	BibleThump BibleThump BibleThump BibleThump BibleThump BibleThump	{45=6.0, 46=2.25, 47=6.0, 49=0.375, 732=1.0}	
NEGATIVE	POSITIVE	NAVI FANSHITS? SoBayed	{43=1.0, 46=1.0, 47=1.0, 48=1.0, 178=0.5948287391634972, 237=0.8038524560298141}	
NEGATIVE	NEUTRAL	he sympathy trolling LUL	{1=2.0, 4=1.5, 5=2.0, 6=0.8, 8=3.0, 9=2.0, 11=3.2876587971852533, 12=5.0, 13=0.9270894656051761, 15=2.0, 16=3.0, 17=1.0, 18=3.154015401540154, 19=6.0, 20=0.6082608260826083, 21=0.4309430943094309, 22=1.0, 25=1.0, 26=1.0, 27=1.0, 29=1.0, 31=1.0, 32=1.0, 33=2.0, 34=1.0, 35=0.0, 50=1.0, 53=0.8, 54=1.0, 55=0.8, 60=0.41180616848932206, 61=0.46728417980920034, 593=0.7823433868156534}	
NEGATIVE	NEUTRAL	Feed Gank classic	{3=1.0, 4=0.2, 5=1.0, 7=0.2, 8=2.0, 10=1.0, 11=1.5543115258284415, 12=3.0, 13=0.7826493615101482, 14=0.07565045637857143, 15=1.0, 16=1.0, 17=1.0, 18=1.518951895189519, 19=3.0, 20=0.6054605460546054, 21=0.43284328432843283, 22=1.0, 24=1.0, 25=1.0, 26=2.0, 27=1.0, 28=0.0, 29=1.0, 31=1.0, 32=1.0, 33=2.0, 34=1.0, 35=0.0, 52=1.0, 53=0.3, 54=1.0, 56=0.3, 666=1.0}	
NEGATIVE	NEUTRAL	boring AF	{3=1.0, 4=0.2, 5=1.0, 7=0.2, 10=1.0, 11=0.19940910116254126, 12=1.0, 14=0.19940910116254126, 17=1.0, 18=0.3913391339133913, 19=1.0, 21=0.3913391339133913, 24=1.0, 26=1.0, 28=0.0, 31=1.0, 33=1.0, 35=0.0, 52=1.0, 53=0.3, 54=1.0, 56=0.3, 1218=0.7071067811865476, 1736=0.7071067811865476}	
NEGATIVE	NEUTRAL	How is FeelsBirthdayMan not the most used emote? BabyRage	{8=1.0, 9=2.0, 10=1.0, 11=1.917417210891465, 12=4.0, 13=0.5883074654621281, 14=0.3002635386807661, 16=5.0, 17=1.0, 18=2.941494149414942, 19=6.0, 21=0.42464246424642466, 30=1.0, 32=0.5, 33=1.0, 45=1.0, 46=0.25, 47=1.0, 49=0.25, 480=0.5588551690178367, 562=0.6126677730418747, 781=0.5588551690178367}	
NEGATIVE	NEUTRAL	LUL he actually tried it 4Head	{1=1.0, 4=0.8, 5=1.0, 6=0.8, 8=4.0, 9=2.0, 11=3.837843934483954, 12=6.0, 13=0.9270894656051761, 15=2.0, 16=4.0, 17=1.0, 18=3.604560456045605, 19=7.0, 20=0.6082608260826083, 21=0.38503850385038507, 22=1.0, 25=1.0, 26=1.0, 27=1.0, 29=1.0, 30=1.0, 32=1.5, 33=2.0, 34=1.0, 45=1.0, 46=0.25, 47=1.0, 49=0.25, 50=1.0, 53=0.8, 54=1.0, 55=0.8, 60=0.448930390152855, 61=0.5094097301251101, 784=0.7341411524026343}	
NEGATIVE	NEUTRAL	NotLikeThis wer bist du und was hast du mit Anna gemacht forsenX WutFace wo ist meine strahlende Sonne am Abendhimmel hin DansGame	{9=4.0, 11=2.060773450266015, 12=4.0, 15=8.0, 16=5.0, 18=7.1408140814081404, 19=13.0, 20=0.625962596259626, 45=3.0, 47=3.0, 49=0.0, 58=0.4297029759303488, 65=0.4361600208500473, 437=0.46886888955927547, 1177=0.6366174307165492}	
NEGATIVE	POSITIVE	ResidentSleeper	{45=1.0, 47=1.0, 49=0.0, 331=1.0}	
NEGATIVE	NEUTRAL	AY Lets get reformed up in this bitch	{3=1.0, 5=1.0, 7=0.0, 8=2.0, 9=2.0, 10=1.0, 11=2.444384535396161, 12=5.0, 13=0.6643650588423005, 14=0.17741820122471214, 15=2.0, 16=6.0, 18=4.4986498649865, 19=8.0, 20=1.0, 22=1.0, 24=1.0, 25=1.0, 26=2.0, 27=1.0, 28=0.0, 31=1.0, 33=1.0, 35=0.0, 52=1.0, 53=0.3, 54=1.0, 56=0.3}	
NEGATIVE	NEUTRAL	milk_weed_gamer ran up on sbgstbone and smacked the fried chicken out of sbgstbone face, sbgstbone aint no bitch and lays right back into milk_weed_gamer muthafuckin grill. SB Gaming Brawl!	{3=2.0, 4=0.4, 5=2.0, 7=0.0, 8=7.0, 9=4.0, 10=3.0, 11=7.586145237872545, 12=14.0, 13=0.8335689959671431, 14=0.17741820122471214, 15=2.0, 16=18.0, 17=3.0, 18=11.37833783378338, 19=23.0, 20=0.5690569056905691, 21=0.4071407140714072, 22=1.0, 24=2.0, 25=1.0, 26=3.0, 27=1.0, 28=0.0, 29=2.0, 31=2.0, 32=2.0, 33=4.0, 34=1.0, 35=0.0, 52=2.0, 53=0.6, 54=2.0, 56=0.3, 489=1.0}	
NEGATIVE	NEUTRAL	if you dont react fast he will just grab the bat and *** yo up	{8=4.0, 9=5.0, 10=1.0, 11=5.196509625488978, 12=10.0, 13=0.6176103258746568, 14=0.2654643287466233, 15=2.0, 16=12.0, 17=1.0, 18=7.603060306030604, 19=15.0, 20=0.5675567556755676, 21=0.43984398439843986, 22=1.0, 25=1.0, 26=1.0, 27=1.0, 29=2.0, 30=2.0, 32=3.0, 33=4.0, 34=1.0, 52=1.0, 53=0.3, 54=1.0, 56=0.3, 288=0.5271796416928779, 1124=0.8497538616473415}	
NEGATIVE	NEUTRAL	NAVI DendiFace IS BACK DendiFace TO DendiFace TRASH teams BCouch 4Head 4Head	{9=1.0, 10=1.0, 11=0.684930979274526, 12=2.0, 14=0.2035354896922815, 16=5.0, 18=2.406740674067407, 19=5.0, 24=1.0, 26=1.0, 28=0.0, 29=1.0, 32=1.0, 33=1.0, 34=1.0, 43=3.0, 45=2.0, 46=2.375, 47=5.0, 48=0.625, 49=0.25, 52=1.0, 53=0.3, 54=1.0, 56=0.3, 178=0.2255417478723335, 587=0.8628878538999266, 588=0.30479745854142204, 1078=0.334146645689227}	
NEGATIVE	NEUTRAL	dam glitches already	{8=1.0, 9=1.0, 11=1.0382378670422598, 12=2.0, 13=0.5815897049357109, 16=1.0, 17=2.0, 18=1.2427242724272427, 19=3.0, 21=0.38333833383338334, 24=1.0, 26=1.0, 28=0.0, 458=1.0}	
NEGATIVE	NEUTRAL	wut*	{16=1.0, 18=0.5084508450845084, 19=1.0}	
NEGATIVE	NEUTRAL	WHAT A HORRIBLE IDEA TO ROSH	{3=1.0, 4=0.2, 5=1.0, 7=0.2, 8=1.0, 9=1.0, 10=1.0, 11=1.480718761863367, 12=3.0, 13=0.7964204954967348, 14=0.1471635205246566, 16=4.0, 17=1.0, 18=2.322932293229323, 19=5.0, 21=0.30483048304830485, 24=1.0, 26=1.0, 28=0.0, 30=1.0, 31=1.0, 32=0.5, 33=2.0, 35=0.0, 793=0.5420307402403785, 797=0.5942233067772028, 1231=0.5942233067772028}	
NEGATIVE	NEUTRAL	@cerenity3 i have no fucking idea im tired asf	{3=3.0, 4=0.8, 5=3.0, 7=0.1, 8=2.0, 9=2.0, 10=2.0, 11=3.198968953052703, 12=6.0, 13=0.7964204954967348, 14=0.3117734117530549, 16=4.0, 17=3.0, 18=3.1707170717071707, 19=7.0, 21=0.41064106410641066, 24=2.0, 26=2.0, 28=0.0, 30=1.0, 31=1.0, 32=0.5, 33=2.0, 35=0.0, 52=1.0, 53=0.3, 54=1.0, 56=0.3, 138=0.5526345229840334, 501=0.47552959894668584, 793=0.6844462612446751}	
NEGATIVE	NEUTRAL	great bit of animal abuse WutFace	{1=1.0, 3=1.0, 4=1.0, 5=2.0, 6=0.8, 7=0.2, 8=2.0, 9=1.0, 10=1.0, 11=2.2145336905868827, 12=4.0, 13=0.8583383308483307, 14=0.03711548936217041, 15=1.0, 16=3.0, 17=1.0, 18=2.5506550655065507, 19=5.0, 20=0.6176617661766177, 21=0.44834483448344836, 22=1.0, 24=1.0, 25=1.0, 26=2.0, 27=1.0, 28=0.0, 29=1.0, 31=1.0, 32=1.0, 33=2.0, 34=1.0, 35=0.0, 45=1.0, 47=1.0, 49=0.0, 50=1.0, 52=1.0, 53=0.9, 54=2.0, 55=0.8, 56=0.1, 58=0.4669701182126511, 544=0.5507362881915563, 1438=0.6918297836646307}	
NEGATIVE	NEUTRAL	Julienco ist so ein hurensohn	{9=1.0, 11=0.5144231033742855, 12=1.0, 15=1.0, 16=1.0, 18=1.0311031103110313, 19=2.0, 20=0.5564556455645565, 30=1.0, 32=0.5, 33=1.0, 1177=1.0}	
NEGATIVE	NEUTRAL	I'm on the bus right now and the streets are flooding. Kill me	{3=1.0, 4=0.2, 5=1.0, 7=0.2, 8=4.0, 9=5.0, 10=1.0, 11=5.225003713749678, 12=10.0, 13=0.8335689959671431, 14=0.07565045637857143, 16=12.0, 17=2.0, 18=6.771477147714772, 19=14.0, 21=0.43284328432843283, 22=1.0, 24=1.0, 25=1.0, 26=2.0, 27=1.0, 28=0.0, 29=1.0, 31=1.0, 32=1.0, 33=2.0, 34=1.0, 35=0.0, 52=1.0, 53=0.3, 54=1.0, 56=0.3, 666=1.0}	
NEGATIVE	NEUTRAL	Sorry Jade im awful it was me in the back	{3=2.0, 4=0.6000000000000001, 5=2.0, 7=0.2, 8=1.0, 9=5.0, 10=1.0, 11=3.3395742667407586, 12=7.0, 13=0.6863834680369945, 14=0.1402531952001849, 16=8.0, 17=2.0, 18=4.628362836283628, 19=10.0, 21=0.32043204320432045, 24=2.0, 26=2.0, 28=0.0, 29=1.0, 31=2.0, 32=1.0, 33=3.0, 34=1.0, 35=0.0, 52=2.0, 53=0.4, 54=2.0, 56=0.1, 153=0.5714138747377238, 501=0.4392990565381959, 1149=0.6931828926638857}	
NEGATIVE	NEUTRAL	streams fuckd	{17=2.0, 18=0.4447444744474447, 19=2.0, 21=0.0, 283=1.0}	
NEGATIVE	NEUTRAL	no alarm mewn.	{3=2.0, 4=0.7, 5=2.0, 7=0.3, 10=2.0, 11=0.6693827472944647, 12=2.0, 14=0.3117734117530549, 17=2.0, 18=0.831983198319832, 19=2.0, 21=0.4146414641464147, 24=1.0, 26=1.0, 28=0.0, 31=1.0, 33=1.0, 35=0.0, 52=1.0, 53=0.2, 54=1.0, 56=0.2, 479=0.6739160366960442, 1638=0.738807942217662}	
NEGATIVE	NEUTRAL	When it comes to PC's I'm dumb as fuuuuuuuuuck	{3=2.0, 4=0.30000000000000004, 5=2.0, 7=0.1, 9=7.0, 10=1.0, 11=3.7539847158568858, 12=8.0, 14=0.16226060069213294, 16=8.0, 17=3.0, 18=5.208920892089209, 19=11.0, 21=0.41514151415141515, 24=2.0, 26=2.0, 28=0.0, 31=1.0, 33=1.0, 35=0.0, 52=2.0, 53=0.5, 54=2.0, 56=0.2, 131=0.43330230146488036, 444=0.5168986632894856, 564=0.49500816118315366, 1275=0.5477515931486223}	
NEGATIVE	NEUTRAL	FIRE THAT GUY	{3=1.0, 4=0.3, 5=1.0, 7=0.3, 8=1.0, 10=1.0, 11=1.1485334815165305, 12=2.0, 13=0.7276418514830241, 14=0.4208916300335063, 16=3.0, 18=1.515651565156516, 19=3.0, 426=0.6662614683485362, 1466=0.7457182147393561}	
NEGATIVE	NEUTRAL	DansgAme Kappa	{8=1.0, 11=0.6038281881853245, 12=1.0, 13=0.6038281881853245, 16=1.0, 18=0.523052305230523, 19=1.0, 43=1.0, 45=1.0, 46=0.625, 47=2.0, 48=0.625, 49=0.0, 71=0.6298817879918748, 437=0.7766910152410409, 1745=1.0}	
NEGATIVE	NEUTRAL	IMMA HATE U	{3=1.0, 4=0.2, 5=1.0, 7=0.2, 9=1.0, 10=1.0, 11=0.6021996401789202, 12=2.0, 14=0.09627689717589974, 15=1.0, 16=3.0, 17=1.0, 18=2.3401340134013404, 19=5.0, 20=0.5675567556755676, 21=0.31483148314831483, 24=1.0, 26=1.0, 28=0.0, 31=1.0, 33=1.0, 35=0.0, 52=1.0, 53=0.1, 54=1.0, 56=0.1, 501=0.6094927571275514, 663=0.7927916365660373}	
NEGATIVE	NEUTRAL	Von has a tampon up his ass	{3=1.0, 4=0.1, 5=1.0, 7=0.1, 8=1.0, 9=2.0, 10=1.0, 11=1.8809949548022913, 12=4.0, 13=0.5763519424286273, 14=0.25308516315740254, 15=1.0, 16=4.0, 17=1.0, 18=3.031903190319032, 19=6.0, 20=0.6081608160816082, 21=0.44894489448944896, 443=1.0}	
NEGATIVE	NEUTRAL	because atk speed right now sux so much dick that its pointless to even build	{3=1.0, 4=0.2, 5=1.0, 7=0.2, 8=7.0, 9=1.0, 10=1.0, 11=5.3515297897742595, 12=9.0, 13=0.8335689959671431, 14=0.2695632080194986, 16=11.0, 17=3.0, 18=6.587158715871588, 19=14.0, 21=0.2905290529052905, 22=1.0, 24=2.0, 25=1.0, 26=3.0, 27=1.0, 28=0.0, 29=2.0, 30=2.0, 31=1.0, 32=3.0, 33=5.0, 34=1.0, 35=0.0, 52=2.0, 53=0.6, 54=2.0, 56=0.3, 442=0.4711139024439778, 485=0.423042267080463, 526=0.5473056418434897, 1706=0.5473056418434897}	
NEGATIVE	NEUTRAL	SMOrc miss 5 SMOrc	{3=1.0, 4=0.3, 5=1.0, 7=0.3, 9=1.0, 10=1.0, 11=0.9050270415994983, 12=2.0, 14=0.39060393822521283, 16=1.0, 17=1.0, 18=0.8091809180918093, 19=2.0, 21=0.3351335133513352, 24=1.0, 26=1.0, 28=0.0, 31=1.0, 33=1.0, 35=0.0, 45=2.0, 47=2.0, 49=0.0, 52=1.0, 53=0.3, 54=1.0, 56=0.3, 200=0.5081821842941334, 451=0.861249596554938}	
NEGATIVE	NEUTRAL	WHAT A FREAKING BAD IDEA NotLikeThus	{3=1.0, 4=0.2, 5=1.0, 7=0.2, 8=1.0, 9=1.0, 10=1.0, 11=1.6058473676392109, 12=3.0, 13=0.7964204954967348, 14=0.27229212630050015, 16=3.0, 17=2.0, 18=2.3455345534553453, 19=5.0, 21=0.37023702370237027, 24=2.0, 26=2.0, 28=0.0, 30=1.0, 31=1.0, 32=0.5, 33=2.0, 35=0.0, 52=1.0, 53=0.3, 54=1.0, 56=0.3, 518=0.6204085903940416, 793=0.7842787648312801}	
NEGATIVE	NEUTRAL	I know what you turned off FeelsBadMan	{8=1.0, 9=2.0, 10=1.0, 11=2.056393976573117, 12=4.0, 13=0.7648013556561783, 14=0.3002635386807661, 15=1.0, 16=5.0, 18=2.996999699969997, 19=6.0, 20=0.5675567556755676, 30=1.0, 32=0.5, 33=1.0, 423=1.0}	
NEGATIVE	NEUTRAL	Cancer ***	{3=1.0, 4=0.4, 5=1.0, 7=0.4, 10=1.0, 11=0.08799661085955429, 12=1.0, 14=0.08799661085955429, 17=1.0, 18=0.39583958395839586, 19=1.0, 21=0.39583958395839586, 24=1.0, 26=1.0, 28=0.0, 31=1.0, 33=1.0, 35=0.0, 52=1.0, 53=0.1, 54=1.0, 56=0.1, 279=1.0}	
NEGATIVE	NEUTRAL	Toll BibleThump BibleThump BibleThump	{10=1.0, 11=0.312180548754656, 12=1.0, 14=0.312180548754656, 17=1.0, 18=0.3682368236823682, 19=1.0, 21=0.3682368236823682, 24=1.0, 26=1.0, 28=0.0, 31=1.0, 33=1.0, 35=0.0, 45=3.0, 46=1.125, 47=3.0, 49=0.375, 732=1.0}	
NEGATIVE	NEUTRAL	I go to Poland 2 times every year. During the winter, it's cold as fuck. During summer, it's hot as fuck.	{3=2.0, 4=0.2, 5=2.0, 7=0.1, 8=7.0, 9=11.0, 10=1.0, 11=10.63767007598057, 12=19.0, 13=0.8583163234428385, 14=0.42088612818213333, 15=1.0, 16=19.0, 17=3.0, 18=11.063706370637062, 19=23.0, 20=0.5514551455145514, 21=0.39833983398339834, 22=1.0, 24=3.0, 25=1.0, 26=4.0, 27=1.0, 28=0.0, 29=1.0, 31=1.0, 32=1.0, 33=2.0, 34=1.0, 35=0.0, 52=3.0, 53=0.7, 54=3.0, 56=0.2, 131=0.6401254129359456, 783=0.4435611403604487, 786=0.4435611403604487, 787=0.4435611403604487}	
NEGATIVE	NEUTRAL	oh fuck me	{3=1.0, 4=0.1, 5=1.0, 7=0.1, 9=3.0, 11=1.5749489703285158, 12=3.0, 16=2.0, 17=1.0, 18=1.3765376537653766, 19=3.0, 21=0.41514151415141515, 24=1.0, 26=1.0, 28=0.0, 30=1.0, 32=0.5, 33=1.0, 52=1.0, 53=0.2, 54=1.0, 56=0.2, 130=0.6558414875285193, 131=0.7548986310998179}	
NEGATIVE	NEUTRAL	russians in chat DansGame	{8=1.0, 9=1.0, 11=1.1320389311003154, 12=2.0, 13=0.6176158277260299, 16=3.0, 18=1.535753575357536, 19=3.0, 45=1.0, 47=1.0, 49=0.0, 133=0.5045474132571394, 437=0.5423848451832587, 941=0.6717518794101449}	
NEGATIVE	NEUTRAL	moochers. free loaders. free riders. rude people.	{1=2.0, 4=1.2, 5=2.0, 6=0.6, 8=3.0, 10=1.0, 11=2.640998696061225, 12=4.0, 13=0.961498044091837, 14=0.10726409436775476, 15=3.0, 16=1.0, 17=1.0, 18=2.6334633463346337, 19=5.0, 20=0.5663566356635663, 21=0.43954395439543953, 22=2.0, 24=1.0, 25=2.0, 26=3.0, 27=1.0, 28=0.0, 29=2.0, 31=1.0, 32=2.0, 33=3.0, 34=1.0, 35=0.0, 52=1.0, 53=0.2, 54=1.0, 56=0.2, 658=1.0}	
NEGATIVE	NEUTRAL	:/ this strimer looks very white :/	{8=1.0, 9=1.0, 11=1.1986168345648311, 12=2.0, 13=0.6767277188774022, 16=6.0, 18=2.9479947994799476, 19=6.0, 29=1.0, 30=1.0, 32=1.5, 33=2.0, 34=1.0, 38=2.0, 40=2.0, 42=0.0, 45=2.0, 47=2.0, 49=0.0, 108=0.5696474406142958, 358=0.48739721915615475, 1348=0.6617746928981415}	
NEGATIVE	NEUTRAL	fucking HITBOOX\	{3=1.0, 4=0.1, 5=1.0, 7=0.1, 9=1.0, 11=0.5268517856258632, 12=1.0, 17=1.0, 18=0.41714171417141716, 19=1.0, 21=0.41714171417141716, 24=1.0, 26=1.0, 28=0.0, 138=1.0}	
NEGATIVE	NEUTRAL	wtf is going on in the world that could cause this	{8=2.0, 9=3.0, 11=2.8300147999801935, 12=5.0, 13=0.7152406784883114, 15=1.0, 16=10.0, 17=2.0, 18=6.336833683368337, 19=13.0, 20=0.555055505550555, 21=0.39793979397939794, 24=1.0, 26=1.0, 28=0.0, 30=1.0, 32=0.5, 33=1.0, 101=0.5938770238203285, 608=0.5938770238203285, 619=0.542789241931542}	
NEGATIVE	NEUTRAL	mistakes were made	{3=1.0, 4=0.3, 5=1.0, 7=0.3, 8=1.0, 11=0.5856500712489753, 12=1.0, 13=0.5856500712489753, 16=3.0, 18=1.505750575057506, 19=3.0, 24=1.0, 26=1.0, 28=0.0, 31=1.0, 33=1.0, 35=0.0, 1075=1.0}	
NEGATIVE	NEUTRAL	DendiFace STFU DendiFace	{9=1.0, 10=1.0, 11=0.9600455553293685, 12=2.0, 14=0.44562245195508293, 16=3.0, 17=1.0, 18=1.8533853385338535, 19=4.0, 21=0.39793979397939794, 24=1.0, 26=1.0, 28=0.0, 43=2.0, 46=1.25, 47=2.0, 48=0.625, 175=0.36489497724366576, 587=0.8529449151956291, 619=0.3732782169163719}	
NEGATIVE	NEUTRAL	''I hope you die of cancer'' wow.	{1=2.0, 3=2.0, 4=2.1999999999999997, 5=4.0, 6=0.9, 7=0.2, 8=2.0, 9=1.0, 10=2.0, 11=2.1268616889583347, 12=5.0, 13=0.8555598959049721, 14=0.05638297287037089, 15=1.0, 16=4.0, 17=2.0, 18=3.4152415241524157, 19=7.0, 20=0.5675567556755676, 21=0.39583958395839586, 22=1.0, 24=2.0, 25=1.0, 26=3.0, 27=1.0, 28=0.0, 29=2.0, 31=1.0, 32=2.0, 33=3.0, 34=1.0, 35=0.0, 50=2.0, 52=1.0, 53=1.7000000000000002, 54=3.0, 55=0.8, 56=0.1, 279=0.5571088298424998, 482=0.41031078605232707, 547=0.45924346731571797, 952=0.5571088298424998}	
NEGATIVE	NEUTRAL	haha your fucking trausi impersonation	{1=1.0, 3=1.0, 4=0.9, 5=2.0, 6=0.8, 7=0.1, 8=1.0, 9=1.0, 11=1.1100645367166053, 12=2.0, 13=0.5832127510907421, 15=3.0, 17=1.0, 18=2.1806180618061806, 19=4.0, 20=0.5964596459645964, 21=0.41714171417141716, 24=1.0, 26=1.0, 28=0.0, 50=1.0, 53=0.7, 54=1.0, 55=0.7, 138=0.6791150496700857, 449=0.7340318448893052}	
NEGATIVE	NEUTRAL	u wot m8	{8=1.0, 11=0.7606474578695732, 12=1.0, 13=0.7606474578695732, 15=1.0, 16=2.0, 18=1.5896589658965898, 19=3.0, 20=0.5675567556755676, 29=1.0, 32=1.0, 33=1.0, 34=1.0, 50=1.0, 53=0.7, 54=1.0, 55=0.7, 289=1.0}	
NEGATIVE	NEUTRAL	^^^^ Nc.	{1=1.0, 4=0.6, 5=1.0, 6=0.6, 8=1.0, 10=1.0, 11=1.0650318832287065, 12=2.0, 13=0.7647683445479404, 14=0.3002635386807661, 15=2.0, 17=1.0, 18=1.6392639263926392, 19=3.0, 20=0.613961396139614, 21=0.42464246424642466, 22=1.0, 25=1.0, 26=1.0, 27=1.0, 43=1.0, 46=1.0, 47=1.0, 48=1.0, 50=1.0, 53=0.7, 54=1.0, 55=0.7, 299=1.0}	
NEGATIVE	NEUTRAL	Just a *** load of balls	{8=1.0, 9=1.0, 10=1.0, 11=1.5865523748741452, 12=3.0, 13=0.6134344206825597, 14=0.4359832083496097, 16=4.0, 17=1.0, 18=2.396639663966397, 19=5.0, 21=0.414941494149415, 29=1.0, 32=1.0, 33=1.0, 34=1.0}	
NEGATIVE	NEUTRAL	well, im kinda eating a whole 9 serving bag to myself :( im so bad ith food.	{1=1.0, 3=1.0, 4=0.8999999999999999, 5=2.0, 6=0.7, 7=0.2, 8=3.0, 9=7.0, 10=1.0, 11=6.293501763343366, 12=11.0, 13=0.8968512904592396, 14=0.27229212630050015, 15=2.0, 16=14.0, 17=1.0, 18=8.444644464446444, 19=17.0, 20=0.5964596459645964, 21=0.37023702370237027, 22=1.0, 24=1.0, 25=1.0, 26=2.0, 27=1.0, 28=0.0, 29=2.0, 30=1.0, 31=1.0, 32=2.5, 33=4.0, 34=1.0, 35=0.0, 38=1.0, 40=1.0, 42=0.0, 45=1.0, 47=1.0, 49=0.0, 50=2.0, 52=1.0, 53=1.5999999999999999, 54=3.0, 55=0.7, 56=0.3, 501=0.5790506422994632, 518=0.3296519882759722, 636=0.4167238464977549, 814=0.4167238464977549, 1504=0.4568505136239955}	
NEGATIVE	NEUTRAL	tummy tim FeelsBadMan	{8=1.0, 11=0.6588687093206864, 12=1.0, 13=0.6588687093206864, 16=1.0, 17=1.0, 18=0.8190819081908192, 19=2.0, 21=0.28032803280328034, 423=0.5713380538812102, 1426=0.8207148275663303}	
NEGATIVE	NEUTRAL	Crap.	{3=1.0, 4=0.2, 5=1.0, 7=0.2, 10=1.0, 11=0.29981238686818124, 12=1.0, 14=0.29981238686818124, 17=1.0, 18=0.36643664366436646, 19=1.0, 21=0.36643664366436646, 24=1.0, 26=1.0, 28=0.0, 52=1.0, 53=0.2, 54=1.0, 56=0.2, 1743=1.0}	
NEGATIVE	POSITIVE	NAVI IS REKT	{16=1.0, 18=0.4884488448844885, 19=1.0, 43=1.0, 46=1.0, 47=1.0, 48=1.0, 178=0.6170554947860002, 1069=0.7869196377994417}	
NEGATIVE	NEUTRAL	dat attempt to troll so weak ResidentSleeper	{3=2.0, 4=0.6, 5=2.0, 7=0.3, 8=2.0, 9=3.0, 10=2.0, 11=3.314804931859571, 12=7.0, 13=0.6657405216855473, 14=0.2214000011003703, 16=7.0, 17=2.0, 18=4.2949294929492945, 19=9.0, 21=0.4099409940994099, 24=2.0, 26=2.0, 28=0.0, 30=1.0, 31=2.0, 32=0.5, 33=3.0, 35=0.0, 45=1.0, 47=1.0, 49=0.0, 52=1.0, 53=0.3, 54=1.0, 56=0.3, 331=1.0}	
NEGATIVE	NEUTRAL	BO3 pubs is aids	{10=1.0, 11=0.3108546025737661, 12=1.0, 14=0.3108546025737661, 16=3.0, 18=1.5303530353035304, 19=3.0, 955=1.0}	
NEGATIVE	NEUTRAL	FIRED SwiftRage	{3=1.0, 4=0.3, 5=1.0, 7=0.3, 9=1.0, 11=0.5144231033742855, 12=1.0, 16=1.0, 18=0.4503450345034504, 19=1.0, 45=1.0, 47=1.0, 49=0.0, 52=1.0, 53=0.2, 54=1.0, 56=0.2, 508=0.6704837492187152, 680=0.7419242158290931}	
NEGATIVE	NEUTRAL	Wat.	{16=1.0, 18=0.5084508450845084, 19=1.0}	
NEGATIVE	NEUTRAL	Rust with cars would be terrible	{3=1.0, 4=0.2, 5=1.0, 7=0.2, 8=1.0, 10=2.0, 11=1.1760262328273465, 12=3.0, 13=0.6767772355397592, 14=0.11552237327860831, 16=5.0, 17=1.0, 18=2.8222822282228224, 19=6.0, 21=0.32333233323332333, 24=2.0, 26=2.0, 28=0.0, 30=1.0, 31=1.0, 32=0.5, 33=2.0, 35=0.0, 353=0.7071067811865476, 905=0.7071067811865476}	
NEGATIVE	NEUTRAL	NAVI BACK TO THE DUMPSTER SoBayed	{9=1.0, 10=1.0, 11=0.7867427389316506, 12=2.0, 14=0.30534724934940616, 16=4.0, 18=1.985998599859986, 19=4.0, 29=1.0, 32=1.0, 33=1.0, 34=1.0, 43=1.0, 46=1.0, 47=1.0, 48=1.0, 178=1.0}	
NEGATIVE	NEUTRAL	im in japamn and its raining too BibleThump	{9=2.0, 10=1.0, 11=1.4369295267857636, 12=3.0, 14=0.40537090731030995, 16=5.0, 17=1.0, 18=2.7943794379437943, 19=6.0, 21=0.37533753375337536, 31=1.0, 33=1.0, 35=0.0, 45=1.0, 46=0.375, 47=1.0, 49=0.375, 501=0.47552959894668584, 668=0.6844462612446751, 732=0.5526345229840334}	
NEGATIVE	NEUTRAL	Asians are ugly.... Dumb chinks	{3=2.0, 4=0.4, 5=2.0, 7=0.2, 9=1.0, 10=2.0, 11=0.8430816969910377, 12=3.0, 14=0.16226060069213294, 16=2.0, 17=2.0, 18=1.8895889588958898, 19=4.0, 21=0.41004100410041006, 24=2.0, 26=2.0, 28=0.0, 31=2.0, 33=2.0, 35=0.0, 52=1.0, 53=0.3, 54=1.0, 56=0.3, 564=0.6704837492187152, 820=0.7419242158290931}	
NEGATIVE	NEUTRAL	get banned	{3=1.0, 4=0.3, 5=1.0, 7=0.3, 8=1.0, 9=1.0, 11=1.1787881622165859, 12=2.0, 13=0.6643650588423005, 16=1.0, 17=1.0, 18=0.8513851385138513, 19=2.0, 21=0.36873687368736874, 93=1.0}	
NEGATIVE	NEUTRAL	TORNADO U NOOB	{8=1.0, 9=2.0, 10=1.0, 11=2.237856038556975, 12=4.0, 13=0.8830471453644152, 14=0.3259626864439884, 15=2.0, 16=2.0, 17=2.0, 18=2.9885988598859887, 19=6.0, 20=0.5675567556755676, 21=0.39683968396839686}	
NEGATIVE	NEUTRAL	ive just remembered ive got PC FailFish	{8=3.0, 9=3.0, 11=3.422173561403413, 12=6.0, 13=0.6327349152989983, 16=7.0, 17=1.0, 18=3.7789778977897788, 19=8.0, 21=0.4436443644364437, 29=1.0, 32=1.0, 33=1.0, 34=1.0, 45=1.0, 47=1.0, 49=0.0, 266=0.6227482715676232, 444=0.7824222582848329}	
NEGATIVE	NEUTRAL	who the *** are you	{9=2.0, 11=1.028846206748571, 12=2.0, 15=1.0, 16=3.0, 18=2.1354135413541355, 19=4.0, 20=0.5675567556755676}	
NEGATIVE	NEUTRAL	then if I block them niqqas they be in park following me and shi lmao	{1=1.0, 3=1.0, 4=1.0, 5=2.0, 6=0.6, 7=0.4, 8=2.0, 9=5.0, 10=3.0, 11=5.222115241778859, 12=10.0, 13=0.789537679429128, 14=0.3002635386807661, 15=2.0, 16=14.0, 18=8.100710071007102, 19=16.0, 20=0.592959295929593, 31=1.0, 33=1.0, 35=0.0, 52=1.0, 53=0.3, 54=1.0, 56=0.3, 205=0.6351347104569083, 286=0.7724013850148246}	
NEGATIVE	NEUTRAL	Literally worst singles team	{3=1.0, 4=0.2, 5=1.0, 7=0.2, 8=1.0, 9=3.0, 11=2.205048498819853, 12=4.0, 13=0.639606727663859, 15=1.0, 16=1.0, 17=2.0, 18=1.8491849184918494, 19=4.0, 20=0.5598559855985599, 21=0.3124312431243124, 24=1.0, 26=1.0, 28=0.0, 31=1.0, 33=1.0, 35=0.0, 52=1.0, 53=0.2, 54=1.0, 56=0.2, 125=0.7222345904074828, 137=0.691648173870889}	
NEGATIVE	NEUTRAL	U lazy Tina	{3=1.0, 4=0.4, 5=1.0, 7=0.4, 10=1.0, 11=0.24615833227881184, 12=1.0, 14=0.24615833227881184, 15=2.0, 16=1.0, 18=1.6546654665466547, 19=3.0, 20=0.5741574157415742, 24=1.0, 26=1.0, 28=0.0, 31=1.0, 33=1.0, 35=0.0, 52=1.0, 53=0.3, 54=1.0, 56=0.3, 637=1.0}	
NEGATIVE	NEUTRAL	so cold hearted she can out bachelor herself Kappa	{8=3.0, 9=2.0, 10=1.0, 11=3.356167850481687, 12=6.0, 13=0.7083688661234506, 14=0.42088612818213333, 16=8.0, 17=1.0, 18=4.36953695369537, 19=9.0, 21=0.39833983398339834, 24=1.0, 26=1.0, 28=0.0, 30=1.0, 31=1.0, 32=0.5, 33=2.0, 35=0.0, 43=1.0, 46=0.625, 47=1.0, 48=0.625, 52=1.0, 53=0.3, 54=1.0, 56=0.3, 71=0.5127826325011305, 783=0.8585184749352868, 1745=1.0}	
NEGATIVE	NEUTRAL	@Lowtierviper, GTFO DansGame	{8=1.0, 9=1.0, 11=1.1787881622165859, 12=2.0, 13=0.6643650588423005, 16=3.0, 17=1.0, 18=1.8805880588058805, 19=4.0, 21=0.39793979397939794, 24=1.0, 26=1.0, 28=0.0, 45=1.0, 47=1.0, 49=0.0, 437=0.6990312771298487, 619=0.7150910946125765}	
NEGATIVE	NEUTRAL	short stream FeelsBadMan	{8=2.0, 11=1.3824061796794622, 12=2.0, 13=0.7757940546994064, 16=2.0, 18=0.958995899589959, 19=2.0, 77=0.64164001748436, 423=0.7670059243334895}	
NEGATIVE	NEUTRAL	well done spectre, you got synd... Nice...	{1=1.0, 4=0.8, 5=1.0, 6=0.8, 8=1.0, 9=3.0, 11=2.320306783232558, 12=4.0, 13=0.7826658670642671, 15=2.0, 16=3.0, 18=2.702070207020702, 19=5.0, 20=0.5973597359735974, 22=2.0, 25=2.0, 26=2.0, 27=1.0, 29=2.0, 32=2.0, 33=2.0, 34=1.0, 50=2.0, 53=1.2999999999999998, 54=2.0, 55=0.7, 112=0.6132720223648053, 1050=0.7898717785720551}	
NEGATIVE	NEUTRAL	BloodTrail PORN DRILL NOW	{8=1.0, 9=1.0, 10=1.0, 11=1.4489345664816211, 12=3.0, 13=0.5508343557607135, 14=0.42086412077664137, 16=3.0, 18=1.4743474347434744, 19=3.0, 43=1.0, 46=0.75, 47=1.0, 48=0.75, 1116=0.738807942217662, 1454=0.6739160366960442}	
NEGATIVE	NEUTRAL	isnt it always nick being embarrasing stream?	{8=1.0, 9=4.0, 11=2.851257448131296, 12=5.0, 13=0.7757940546994064, 16=5.0, 17=2.0, 18=3.2606260626062604, 19=7.0, 21=0.36023602360236023, 77=0.3807719030946552, 933=0.6538397195848821, 1552=0.6538397195848821}	
NEGATIVE	NEUTRAL	that t30 goes full retard then blames everyone elese LUL	{1=1.0, 3=2.0, 4=1.4, 5=3.0, 6=0.8, 7=0.3, 8=3.0, 9=1.0, 10=1.0, 11=2.972595278311152, 12=5.0, 13=0.9270894656051761, 14=0.27779947952486017, 15=3.0, 16=5.0, 17=2.0, 18=5.1461146114611465, 19=10.0, 20=0.6082608260826083, 21=0.41614161416141615, 22=1.0, 24=1.0, 25=1.0, 26=2.0, 27=1.0, 28=0.0, 29=1.0, 30=1.0, 31=1.0, 32=1.5, 33=3.0, 34=1.0, 35=0.0, 50=1.0, 52=1.0, 53=1.1, 54=2.0, 55=0.8, 56=0.3, 60=0.35433273962355893, 61=0.4020680025797985, 141=0.5794445007669253, 433=0.6140307007498265}	
NEGATIVE	NEUTRAL	i dont like the noises dva's mech makes @.@	{1=1.0, 4=0.7, 5=1.0, 6=0.7, 8=1.0, 9=2.0, 11=1.8788987494291831, 12=3.0, 13=0.8500525426806121, 16=6.0, 17=2.0, 18=3.850285028502851, 19=8.0, 21=0.4210421042104211, 22=1.0, 24=1.0, 25=1.0, 26=2.0, 27=1.0, 28=0.0, 29=1.0, 32=1.0, 33=1.0, 34=1.0, 50=1.0, 53=0.7, 54=1.0, 55=0.7, 288=0.584691927285179, 503=0.8112554161098356}	
NEGATIVE	NEUTRAL	Who the *** is Vash?	{9=1.0, 11=0.5144231033742855, 12=1.0, 16=3.0, 18=1.5259525952595259, 19=3.0}	
